626	A	app/actions/traceability.ts
626	A	app/components/traceability/FermentationForm.tsx
626	A	app/components/traceability/ProcesoDelLote.tsx
626	A	app/lots/[id]/drying/new/page.tsx
626	A	app/lots/[id]/fermentation/new/page.tsx
626	A	app/lots/[id]/page.tsx
626	A	app/lots/[id]/process/page.tsx
626	A	app/lots/[id]/roast/new/page.tsx
626	A	docs/superpowers/specs/2026-09-30-recetas-del-beneficio-design.md
626	A	lib/beneficio/colaDeSecado.ts
626	A	lib/beneficio/datosDelTablero.ts
626	A	lib/research/catalogs.ts
626	A	lib/traceability/drying.ts
626	A	lib/traceability/errorDeProceso.ts
626	A	lib/traceability/fermentation.ts
626	A	lib/traceability/lotProcess.ts
626	A	lib/traceability/procesoDelLinaje.ts
626	A	lib/traceability/processTargets.ts
626	A	lib/traceability/reporteDeProceso.ts
626	A	prisma/schema.prisma
626	A	prisma/seed.ts
626	A	tests/arquitectura/campos-con-dos-puertas.test.ts
626	A	tests/beneficio/datos-del-tablero.test.ts
626	A	tests/helpers/procesoDePrueba.ts
626	A	tests/helpers/tieneCondicion.test.ts
626	A	tests/traceability/bodegaConProceso.test.ts
626	A	tests/traceability/corridaConProceso.test.ts
626	A	tests/traceability/divisionBajoProceso.test.ts
626	A	tests/traceability/fermentation.test.ts
626	A	tests/traceability/lotProcess.test.ts
626	A	tests/traceability/mensajesDeProceso.test.ts
626	A	tests/traceability/procesoDelLinaje.test.ts
626	A	tests/traceability/recipeVersions.test.ts
626	B	docs/arquitectura/acceso-a-datos.allowlist.json
626	B	docs/arquitectura/inventario-de-acceso.md
626	B	messages/en.json
626	B	messages/es.json
626	B	scripts/pruebas-por-compuerta.txt
