tests/apiary/alcanceDelAlimento.test.ts	base-sembrada
tests/apiary/altaEnLote.test.ts	base-sembrada
tests/apiary/alzas.test.ts	base-sembrada
tests/apiary/ambitoVacioApiarios.test.ts	base-sembrada
tests/apiary/apiarioHeredado.test.ts	base-sembrada
tests/apiary/artefactos.test.ts	base-sembrada
tests/apiary/bitacora.test.ts	base-sembrada
tests/apiary/carencia.test.ts	base-sembrada
tests/apiary/cera.test.ts	base-sembrada
tests/apiary/ceraDeExtraccion.test.ts	base-sembrada
tests/apiary/cierreDeCosecha.test.ts	base-sembrada
tests/apiary/cierreDeEvento.test.ts	base-sembrada
tests/apiary/colonyEvents.test.ts	base-sembrada
tests/apiary/configuracionDeCaja.test.ts	base-sembrada
tests/apiary/consultaAVecinos.test.ts	base-sembrada
tests/apiary/cosechasSinSaldo.test.ts	base-sembrada
tests/apiary/crearApiario.test.ts	base-sembrada
tests/apiary/e2e.test.ts	base-sembrada
tests/apiary/estadoDeColonia.test.ts	base-sembrada
tests/apiary/eventoEnLote.test.ts	base-sembrada
tests/apiary/fechaDeInstalacion.test.ts	base-sembrada
tests/apiary/finDeColonia.test.ts	base-sembrada
tests/apiary/genealogia.test.ts	base-sembrada
tests/apiary/harvest.test.ts	base-sembrada
tests/apiary/hives.test.ts	base-sembrada
tests/apiary/inspections.test.ts	base-sembrada
tests/apiary/irregularidades.test.ts	base-sembrada
tests/apiary/limpiezaDeCaja.test.ts	base-sembrada
tests/apiary/marcosNegros.test.ts	base-sembrada
tests/apiary/media.test.ts	base-sembrada
tests/apiary/meliponario.test.ts	base-sembrada
tests/apiary/mielDelLote.test.ts	base-sembrada
tests/apiary/nodo.test.ts	base-sembrada
tests/apiary/objetivoDelTratamiento.test.ts	base-sembrada
tests/apiary/origenDeColonia.test.ts	base-sembrada
tests/apiary/pendienteDeLaVisita.test.ts	base-sembrada
tests/apiary/polinizacion.test.ts	base-sembrada
tests/apiary/protocoloDeCampo.test.ts	base-sembrada
tests/apiary/recipientes.test.ts	base-sembrada
tests/apiary/refractometroDeMiel.test.ts	base-sembrada
tests/apiary/reinas.test.ts	base-sembrada
tests/apiary/traslado.test.ts	base-sembrada
tests/apiary/tratamiento-descuenta.test.ts	base-sembrada
tests/apiary/valoracionDeInspeccion.test.ts	base-sembrada
tests/apiary/varroa.test.ts	base-sembrada
tests/apiary/vitalesDeColmena.test.ts	base-sembrada
tests/apiary/vitalesDelSitio.test.ts	base-sembrada
tests/apiary/vitalesEnSitio.test.ts	base-sembrada
tests/arquitectura/colacion-de-la-base.test.ts	base-sembrada
tests/auth/googleLinking.test.ts	base-sembrada
tests/auth/setPassword.test.ts	base-sembrada
tests/beneficio/colaDeSecado.test.ts	base-sembrada
tests/beneficio/datos-del-tablero.test.ts	base-sembrada
tests/beneficio/vistaDeBandejas.test.ts	base-sembrada
tests/catalogos/propiedad.test.ts	base-sembrada
tests/commerce/tienda.test.ts	base-sembrada
tests/content/stories.test.ts	base-sembrada
tests/derivaDeMigraciones.test.ts	base-sembrada
tests/discover/service.test.ts	base-sembrada
tests/envios/unaVezPorEnvio.test.ts	base-sembrada
tests/equipos/bandejas.test.ts	base-sembrada
tests/equipos/datosDeEquipo.test.ts	base-sembrada
tests/equipos/documentos.test.ts	base-sembrada
tests/equipos/equipos.test.ts	base-sembrada
tests/equipos/esquemaDeCatalogo.test.ts	base-sembrada
tests/equipos/marcasDeRevision.test.ts	base-sembrada
tests/equipos/modelos.test.ts	base-sembrada
tests/equipos/proveedores.test.ts	base-sembrada
tests/instalaciones/bodegas.test.ts	base-sembrada
tests/instalaciones/esquemaDeBodega.test.ts	base-sembrada
tests/inventario/avisos.test.ts	base-sembrada
tests/inventario/consumo-descuenta.test.ts	base-sembrada
tests/inventario/custodia.test.ts	base-sembrada
tests/inventario/etiqueta.test.ts	base-sembrada
tests/inventario/existencias.test.ts	base-sembrada
tests/inventario/lista.test.ts	base-sembrada
tests/inventario/lotes.test.ts	base-sembrada
tests/inventario/materiales.test.ts	base-sembrada
tests/inventario/negativo.test.ts	base-sembrada
tests/inventario/recepcion.test.ts	base-sembrada
tests/limpiarAuditDePruebas.test.ts	base-sembrada
tests/notificaciones/canales.test.ts	base-sembrada
tests/open-decisions.test.ts	maquina
tests/partner/projectClassification.test.ts	base-sembrada
tests/people/quienLoHizo.test.ts	base-sembrada
tests/rbac/admin.test.ts	base-sembrada
tests/rbac/ajustesDePermiso.test.ts	base-sembrada
tests/rbac/ambitoDeUbicacion.test.ts	base-sembrada
tests/rbac/ambitoSinReferenteUnico.test.ts	base-sembrada
tests/research/amendments.test.ts	base-sembrada
tests/research/ro1-2.test.ts	datos-reales
tests/research/ro1.test.ts	base-sembrada
tests/rutinas/rutinas.test.ts	base-sembrada
tests/rutinas/rutinasDeLugar.test.ts	base-sembrada
tests/seed/organizationGuard.test.ts	base-sembrada
tests/sensores/derivar.test.ts	base-sembrada
tests/sensores/ingesta.test.ts	base-sembrada
tests/sensores/ruta-de-ingesta.test.ts	base-sembrada
tests/sensory/anfitrionDeCata.test.ts	base-sembrada
tests/sensory/archivarProtocolo.test.ts	base-sembrada
tests/sensory/classificationGate.test.ts	base-sembrada
tests/sensory/crearProtocolo.test.ts	base-sembrada
tests/sensory/crearSesion.test.ts	base-sembrada
tests/sensory/descriptors.test.ts	base-sembrada
tests/sensory/informeExterno.test.ts	base-sembrada
tests/sensory/puntajeCalculado.test.ts	base-sembrada
tests/sensory/ruedas.test.ts	base-sembrada
tests/sync/authorizationSnapshot.test.ts	base-sembrada
tests/sync/deviceOperator.test.ts	base-sembrada
tests/sync/deviceTokens.test.ts	base-sembrada
tests/sync/fieldMedia.test.ts	base-sembrada
tests/sync/finDeColoniaSinSenal.test.ts	base-sembrada
tests/sync/parcelaSinSenal.test.ts	base-sembrada
tests/sync/parseoDelLote.test.ts	base-sembrada
tests/sync/pullFieldWork.test.ts	base-sembrada
tests/sync/pushFieldEvents.test.ts	base-sembrada
tests/territorio/formaDelLote.test.ts	base-sembrada
tests/territorio/microparcelaConRango.test.ts	base-sembrada
tests/territorio/plantonEnLaRejilla.test.ts	base-sembrada
tests/territorio/rangosDeBloque.test.ts	base-sembrada
tests/territorio/rejillaEnGetPlotDetail.test.ts	base-sembrada
tests/territorio/rejillaEnLaBase.test.ts	base-sembrada
tests/traceability/ambiente.test.ts	base-sembrada
tests/traceability/ambitoVacio.test.ts	base-sembrada
tests/traceability/aperturaDeProceso.test.ts	base-sembrada
tests/traceability/bandejasDelSecado.test.ts	base-sembrada
tests/traceability/bandejasEnLaBase.test.ts	base-sembrada
tests/traceability/batchPageData.test.ts	datos-reales
tests/traceability/beneficios.test.ts	base-sembrada
tests/traceability/biocharBatches.test.ts	base-sembrada
tests/traceability/bodegaConProceso.test.ts	base-sembrada
tests/traceability/capacidadDeBandeja.test.ts	base-sembrada
tests/traceability/carenciaEnLaCosecha.test.ts	base-sembrada
tests/traceability/carreraDeOrganizacionDeBandeja.test.ts	base-sembrada
tests/traceability/carreraDelArbolDeEstante.test.ts	base-sembrada
tests/traceability/cerezaComoDato.test.ts	base-sembrada
tests/traceability/clasificacionVerde.test.ts	base-sembrada
tests/traceability/classificationGate.test.ts	base-sembrada
tests/traceability/concesiones.test.ts	base-sembrada
tests/traceability/consumoConRutina.test.ts	base-sembrada
tests/traceability/coordenadasDelSitio.test.ts	base-sembrada
tests/traceability/corridaConProceso.test.ts	base-sembrada
tests/traceability/destinoDeFinca.test.ts	base-sembrada
tests/traceability/destinoDeJornada.test.ts	base-sembrada
tests/traceability/divisionBajoProceso.test.ts	base-sembrada
tests/traceability/drying.test.ts	base-sembrada
tests/traceability/e2e.test.ts	base-sembrada
tests/traceability/editarBeneficio.test.ts	base-sembrada
tests/traceability/entradaEnProduccion.test.ts	base-sembrada
tests/traceability/entregaDeCosecha-esquema.test.ts	base-sembrada
tests/traceability/entregasDeCosecha.test.ts	base-sembrada
tests/traceability/estantes.test.ts	base-sembrada
tests/traceability/eventoDeMuestreo.test.ts	base-sembrada
tests/traceability/export.test.ts	base-sembrada
tests/traceability/f1.test.ts	base-sembrada
tests/traceability/fermentation.test.ts	base-sembrada
tests/traceability/fieldSessions.test.ts	base-sembrada
tests/traceability/fincaLogo.test.ts	base-sembrada
tests/traceability/fincaTrampas.test.ts	base-sembrada
tests/traceability/fincas.test.ts	base-sembrada
tests/traceability/floracion.test.ts	base-sembrada
tests/traceability/formularioSinAmbito.test.ts	base-sembrada
tests/traceability/harvest.test.ts	base-sembrada
tests/traceability/historialDelLote.test.ts	base-sembrada
tests/traceability/instalaciones.test.ts	base-sembrada
tests/traceability/intervenciones.test.ts	base-sembrada
tests/traceability/jornadaEnApiario.test.ts	base-sembrada
tests/traceability/jornadasDeCosecha.test.ts	base-sembrada
tests/traceability/landMedia.test.ts	base-sembrada
tests/traceability/liberacion-del-lote.test.ts	base-sembrada
tests/traceability/lotProcess.test.ts	base-sembrada
tests/traceability/loteCitadoExigeSuPermiso.test.ts	base-sembrada
tests/traceability/loteDesdeRecepcion-esquema.test.ts	base-sembrada
tests/traceability/lotesDeBeneficio.test.ts	base-sembrada
tests/traceability/lots.test.ts	base-sembrada
tests/traceability/manejoEsquema.test.ts	base-sembrada
tests/traceability/manejoPrB.test.ts	base-sembrada
tests/traceability/massBalance.test.ts	base-sembrada
tests/traceability/measurements.test.ts	base-sembrada
tests/traceability/media.test.ts	base-sembrada
tests/traceability/mermaDeRecepcion.test.ts	base-sembrada
tests/traceability/muestraConMaterial.test.ts	base-sembrada
tests/traceability/operations.test.ts	base-sembrada
tests/traceability/organizacionAcotada.test.ts	base-sembrada
tests/traceability/pedidosDeCereza.test.ts	base-sembrada
tests/traceability/perfilDeTueste.test.ts	base-sembrada
tests/traceability/plantingCohorts.test.ts	datos-reales
tests/traceability/plotBlocks.test.ts	base-sembrada
tests/traceability/procesoDelLinaje.test.ts	base-sembrada
tests/traceability/processTargets.test.ts	base-sembrada
tests/traceability/quantity.test.ts	base-sembrada
tests/traceability/recepcionDeCereza-esquema.test.ts	base-sembrada
tests/traceability/recepcionesDeCereza.test.ts	base-sembrada
tests/traceability/recipeAuthoring.test.ts	base-sembrada
tests/traceability/recipeVersions.test.ts	base-sembrada
tests/traceability/recordTrapCheckFormAction.test.ts	base-sembrada
tests/traceability/reporteDeProceso.test.ts	base-sembrada
tests/traceability/reports.test.ts	base-sembrada
tests/traceability/roasting.test.ts	datos-reales
tests/traceability/s1.test.ts	datos-reales
tests/traceability/samples.test.ts	base-sembrada
tests/traceability/selection.test.ts	base-sembrada
tests/traceability/situacionesDeCampo.test.ts	base-sembrada
tests/traceability/soilProfiles.test.ts	base-sembrada
tests/traceability/soilSamples.test.ts	base-sembrada
tests/traceability/storage.test.ts	base-sembrada
tests/traceability/subproductos.test.ts	base-sembrada
tests/traceability/topologiaDeSecado.test.ts	base-sembrada
tests/traceability/trapRules.test.ts	base-sembrada
tests/traceability/traps.test.ts	base-sembrada
tests/traceability/ubicacionesEmparentadas.test.ts	base-sembrada
tests/traceability/v1-vocabulary.test.ts	base-sembrada
tests/traceability/venta-temprana.test.ts	base-sembrada
tests/traceability/veredictoDelLote.test.ts	base-sembrada
