18c57d93	Merge pull request #641 from danieljosegiraldez-png/situaciones-que-se-ven
a82b93fb	Merge pull request #642 from danieljosegiraldez-png/inventario-con-puertas
871e0116	Merge pull request #643 from danieljosegiraldez-png/cabecera-de-una-fila
d84ab69d	Merge pull request #644 from danieljosegiraldez-png/tueste-desde-muestra
a8f50df7	Merge pull request #645 from danieljosegiraldez-png/ficha-del-lote
9670754d	Merge pull request #647 from danieljosegiraldez-png/estado-del-5
6dc5700b	Merge pull request #639 from danieljosegiraldez-png/inventario-ast-impl
3628855a	Merge pull request #621 from danieljosegiraldez-png/la-seleccion-no-resta
7dd95ab8	Merge pull request #648 from danieljosegiraldez-png/historial-del-lote
7c56d8c8	Merge pull request #649 from danieljosegiraldez-png/revisar-s3
484092d8	Merge pull request #652 from danieljosegiraldez-png/adr-107-duplicado
4c5a87d8	Merge pull request #653 from danieljosegiraldez-png/frase-febrero
ab94ff09	Merge pull request #646 from danieljosegiraldez-png/desenlace-del-secado
c73b34ef	Merge pull request #651 from danieljosegiraldez-png/estado-del-historial
127c04f8	Merge pull request #655 from danieljosegiraldez-png/archivar-parte-1
36d942d4	Merge pull request #656 from danieljosegiraldez-png/limpiar-seccion-3
da9e17fb	Merge pull request #658 from danieljosegiraldez-png/respuestas-de-daniel
4893ff40	Merge pull request #659 from danieljosegiraldez-png/cierre-empujado-no-es-fusionado
