646	A	app/actions/bandejasDelSecado.ts
646	A	app/actions/traceability.ts
644	A	app/actions/traceability.ts
646	A	app/beneficio/bandejas/errorDeSecado.ts
646	A	app/components/traceability/BandejasDelSecado.tsx
646	A	app/lots/[id]/page.tsx
648	A	app/lots/[id]/page.tsx
645	A	app/lots/[id]/page.tsx
646	A	lib/traceability/drying.ts
644	A	lib/traceability/roasting.ts
642	A	scripts/rutas-declaradas.mjs
642	A	tests/inventario-de-rutas.test.ts
652	B	docs/architecture/DECISIONS.md
639	B	docs/arquitectura/acceso-a-datos.allowlist.json
639	B	docs/arquitectura/inventario-de-acceso.md
641	B	docs/arquitectura/inventario-de-acceso.md
646	B	messages/en.json
648	B	messages/en.json
645	B	messages/en.json
644	B	messages/en.json
643	B	messages/en.json
642	B	messages/en.json
641	B	messages/en.json
646	B	messages/es.json
648	B	messages/es.json
645	B	messages/es.json
644	B	messages/es.json
643	B	messages/es.json
642	B	messages/es.json
641	B	messages/es.json
648	B	scripts/pruebas-por-compuerta.txt
639	B	scripts/pruebas-por-compuerta.txt
